[{"model": "core.role", "pk": 1, "fields": {"name": "Administrator"}}, {"model": "core.role", "pk": 2, "fields": {"name": "Doctor"}}, {"model": "core.role", "pk": 3, "fields": {"name": "Patient"}}, {"model": "core.user", "pk": 1, "fields": {"login": "admin", "password": "admin_pass_hash", "role": 1}}, {"model": "core.user", "pk": 2, "fields": {"login": "ivanov_doc", "password": "doc_pass_hash", "role": 2}}, {"model": "core.user", "pk": 3, "fields": {"login": "petrov_doc", "password": "doc_pass_hash", "role": 2}}, {"model": "core.user", "pk": 4, "fields": {"login": "sidorova_doc", "password": "doc_pass_hash", "role": 2}}, {"model": "core.user", "pk": 5, "fields": {"login": "smirnov_pat", "password": "pat_pass_hash", "role": 3}}, {"model": "core.user", "pk": 6, "fields": {"login": "kuznetsov_pat", "password": "pat_pass_hash", "role": 3}}, {"model": "core.user", "pk": 7, "fields": {"login": "popova_pat", "password": "pat_pass_hash", "role": 3}}, {"model": "core.specialization", "pk": 1, "fields": {"name": "Терапевт", "accreditation_level": "Высшая категория"}}, {"model": "core.specialization", "pk": 2, "fields": {"name": "Хирург", "accreditation_level": "Первая категория"}}, {"model": "core.specialization", "pk": 3, "fields": {"name": "Офтальмолог", "accreditation_level": "Высшая категория"}}, {"model": "core.specialization", "pk": 4, "fields": {"name": "Невролог", "accreditation_level": "Вторая категория"}}, {"model": "core.office", "pk": 1, "fields": {"number": "101"}}, {"model": "core.office", "pk": 2, "fields": {"number": "102"}}, {"model": "core.office", "pk": 3, "fields": {"number": "205"}}, {"model": "core.office", "pk": 4, "fields": {"number": "303"}}, {"model": "core.doctor", "pk": 1, "fields": {"full_name": "Иванов Иван Иванович", "license_number": "LIC-0001", "user": 2, "specialization": 1, "office": 1}}, {"model": "core.doctor", "pk": 2, "fields": {"full_name": "Петров Петр Петрович", "license_number": "LIC-0002", "user": 3, "specialization": 2, "office": 3}}, {"model": "core.doctor", "pk": 3, "fields": {"full_name": "Сидорова Анна Сергеевна", "license_number": "LIC-0003", "user": 4, "specialization": 3, "office": 4}}, {"model": "core.patient", "pk": 1, "fields": {"full_name": "Смирнов Алексей Владимирович", "address": "г. Москва, ул. Ленина 10", "birth_date": "1985-05-20", "med_card_number": "MC-1001", "phone": "+79001112233"}}, {"model": "core.patient", "pk": 2, "fields": {"full_name": "Кузнецов Дмитрий Олегович", "address": "г. Москва, пр. Мира 5", "birth_date": "1990-12-12", "med_card_number": "MC-1002", "phone": "+79004445566"}}, {"model": "core.patient", "pk": 3, "fields": {"full_name": "Попова Мария Викторовна", "address": "г. Москва, ул. Садовая 3", "birth_date": "1995-07-08", "med_card_number": "MC-1003", "phone": "+79007778899"}}, {"model": "core.diagnosis", "pk": 1, "fields": {"name": "Острый фарингит", "code_icd": "J02", "description": "Воспаление слизистой оболочки глотки"}}, {"model": "core.diagnosis", "pk": 2, "fields": {"name": "Миопия слабой степени", "code_icd": "H52.1", "description": "Близорукость"}}, {"model": "core.diagnosis", "pk": 3, "fields": {"name": "Ушиб мягких тканей", "code_icd": "T14.0", "description": "Поверхностная травма без повреждения кожи"}}, {"model": "core.service", "pk": 1, "fields": {"name": "Первичная консультация", "cost": "1500.00"}}, {"model": "core.service", "pk": 2, "fields": {"name": "Повторный прием", "cost": "1000.00"}}, {"model": "core.service", "pk": 3, "fields": {"name": "Общий анализ крови", "cost": "500.00"}}, {"model": "core.service", "pk": 4, "fields": {"name": "УЗИ брюшной полости", "cost": "2500.00"}}, {"model": "core.service", "pk": 5, "fields": {"name": "Проверка зрения", "cost": "1200.00"}}, {"model": "core.service", "pk": 6, "fields": {"name": "Перевязка раны", "cost": "800.00"}}, {"model": "core.appointmentbooking", "pk": 1, "fields": {"date_time": "2025-05-20T10:00:00", "status": "Completed", "patient": 1, "doctor": 1}}, {"model": "core.appointmentbooking", "pk": 2, "fields": {"date_time": "2025-05-21T14:00:00", "status": "Completed", "patient": 2, "doctor": 3}}, {"model": "core.appointmentbooking", "pk": 3, "fields": {"date_time": "2025-05-22T09:00:00", "status": "Scheduled", "patient": 3, "doctor": 2}}, {"model": "core.appointment", "pk": 1, "fields": {"booking": 1, "complaints": "Болит горло, температура 37.2", "diagnosis": 1}}, {"model": "core.appointment", "pk": 2, "fields": {"booking": 2, "complaints": "Плохо вижу вдаль", "diagnosis": 2}}, {"model": "core.prescription", "pk": 1, "fields": {"medication_name": "Полоскание фурацилином 3 раза в день", "appointment": 1}}, {"model": "core.prescription", "pk": 2, "fields": {"medication_name": "Граммидин 2 раза в день", "appointment": 1}}, {"model": "core.prescription", "pk": 3, "fields": {"medication_name": "Гимнастика для глаз", "appointment": 2}}, {"model": "core.prescription", "pk": 4, "fields": {"medication_name": "Очки для дали -1.5D", "appointment": 2}}, {"model": "core.performedservice", "pk": 1, "fields": {"appointment": 1, "service": 1, "count": 1}}, {"model": "core.performedservice", "pk": 2, "fields": {"appointment": 1, "service": 3, "count": 1}}, {"model": "core.performedservice", "pk": 3, "fields": {"appointment": 2, "service": 5, "count": 1}}]
